scenario_id,scenario_name,category,seed,condition,passed,fail_reason,peak_price,final_price,max_drawdown,peak_bubble_risk,bubble_high_risk_steps,peak_manipulation_risk,manipulation_high_risk_steps,panic_high_risk_steps,overall_high_risk_steps,intervention_count,event_count
A01,positive_narrative_bubble,core_mechanism,0,default,True,,107.79,100.0,-7.23,0.365,12,,0,0,12,0,254
A01,positive_narrative_bubble,core_mechanism,1,default,True,,107.79,100.0,-7.23,0.3293,6,,0,0,6,0,254
A01,positive_narrative_bubble,core_mechanism,2,default,True,,107.79,100.0,-7.23,0.3575,11,,0,0,11,0,254
A01,positive_narrative_bubble,core_mechanism,3,default,True,,107.79,100.0,-7.23,0.3481,11,,0,0,11,0,254
A01,positive_narrative_bubble,core_mechanism,4,default,True,,107.79,100.0,-7.23,0.404,15,,0,0,15,0,254
A01,positive_narrative_bubble,core_mechanism,5,default,True,,107.79,100.0,-7.23,0.374,14,,0,0,14,0,254
A01,positive_narrative_bubble,core_mechanism,6,default,True,,107.79,100.0,-7.23,0.3961,15,,0,0,15,0,254
A01,positive_narrative_bubble,core_mechanism,7,default,True,,107.79,100.0,-7.23,0.4168,15,,0,0,15,0,254
A01,positive_narrative_bubble,core_mechanism,8,default,True,,107.79,100.0,-7.23,0.3682,12,,0,0,12,0,254
A01,positive_narrative_bubble,core_mechanism,9,default,True,,107.79,100.0,-7.23,0.3738,12,,0,0,12,0,254
A02,negative_regulatory_panic,core_mechanism,0,default,True,,107.79,102.54,-4.87,0.2717,0,,0,0,0,0,261
A02,negative_regulatory_panic,core_mechanism,1,default,True,,107.79,102.69,-4.73,0.2452,0,,0,0,0,0,261
A02,negative_regulatory_panic,core_mechanism,2,default,True,,107.79,94.93,-11.93,0.2671,0,,0,0,0,0,260
A02,negative_regulatory_panic,core_mechanism,3,default,True,,107.79,98.86,-8.29,0.2579,0,,0,0,0,0,263
A02,negative_regulatory_panic,core_mechanism,4,default,True,,107.79,101.24,-6.08,0.3019,2,,0,0,2,0,264
A02,negative_regulatory_panic,core_mechanism,5,default,True,,107.79,98.95,-8.2,0.2796,0,,0,0,0,0,263
A02,negative_regulatory_panic,core_mechanism,6,default,True,,107.79,102.6,-4.82,0.2969,0,,0,0,0,0,261
A02,negative_regulatory_panic,core_mechanism,7,default,True,,107.79,106.01,-1.65,0.3126,5,,0,0,5,0,262
A02,negative_regulatory_panic,core_mechanism,8,default,True,,107.79,100.65,-6.62,0.2719,0,,0,0,0,0,260
A02,negative_regulatory_panic,core_mechanism,9,default,True,,107.79,96.18,-10.77,0.2794,0,,0,0,0,0,261
A03,narrative_reversal,core_mechanism,0,default,True,,107.79,105.13,-2.47,0.5036,6,,0,0,6,0,383
A03,narrative_reversal,core_mechanism,1,default,True,,107.79,95.12,-11.75,0.5153,5,,0,0,5,0,384
A03,narrative_reversal,core_mechanism,2,default,True,,107.79,100.0,-7.23,0.5049,5,,0,0,5,0,383
A03,narrative_reversal,core_mechanism,3,default,True,,107.79,95.58,-11.33,0.5399,6,,0,0,6,0,384
A03,narrative_reversal,core_mechanism,4,default,True,,107.79,105.13,-2.47,0.572,12,,0,0,12,0,383
A03,narrative_reversal,core_mechanism,5,default,True,,107.79,105.13,-2.47,0.5212,7,,0,0,7,0,383
A03,narrative_reversal,core_mechanism,6,default,True,,107.79,105.13,-2.47,0.57,12,,0,0,12,0,383
A03,narrative_reversal,core_mechanism,7,default,True,,107.79,95.12,-11.75,0.527,22,,0,0,22,0,380
A03,narrative_reversal,core_mechanism,8,default,True,,107.79,105.13,-2.47,0.506,7,,0,0,7,0,383
A03,narrative_reversal,core_mechanism,9,default,True,,107.79,105.13,-2.47,0.529,7,,0,0,7,0,383
A04,multi_narrative_competition,core_mechanism,0,default,True,,105.13,100.0,-4.88,0.3109,3,,0,0,3,0,316
A04,multi_narrative_competition,core_mechanism,1,default,True,,105.13,100.0,-4.88,0.2738,0,,0,0,0,0,316
A04,multi_narrative_competition,core_mechanism,2,default,True,,105.13,100.0,-4.88,0.2972,0,,0,0,0,0,316
A04,multi_narrative_competition,core_mechanism,3,default,True,,105.13,100.0,-4.88,0.2954,0,,0,0,0,0,316
A04,multi_narrative_competition,core_mechanism,4,default,True,,105.13,100.0,-4.88,0.3628,3,,0,0,3,0,316
A04,multi_narrative_competition,core_mechanism,5,default,True,,105.13,100.0,-4.88,0.325,3,,0,0,3,0,316
A04,multi_narrative_competition,core_mechanism,6,default,True,,105.13,100.0,-4.88,0.3379,3,,0,0,3,0,316
A04,multi_narrative_competition,core_mechanism,7,default,True,,105.13,100.0,-4.88,0.3567,3,,0,0,3,0,316
A04,multi_narrative_competition,core_mechanism,8,default,True,,105.13,100.0,-4.88,0.3239,3,,0,0,3,0,316
A04,multi_narrative_competition,core_mechanism,9,default,True,,105.13,100.0,-4.88,0.3317,3,,0,0,3,0,316
A05,delayed_propagation,core_mechanism,0,default,True,,107.79,95.12,-11.75,0.3058,1,,0,0,1,0,379
A05,delayed_propagation,core_mechanism,1,default,True,,107.79,95.12,-11.75,0.2501,0,,0,0,0,0,379
A05,delayed_propagation,core_mechanism,2,default,True,,107.79,95.12,-11.75,0.2973,0,,0,0,0,0,379
A05,delayed_propagation,core_mechanism,3,default,True,,107.79,95.12,-11.75,0.2907,0,,0,0,0,0,379
A05,delayed_propagation,core_mechanism,4,default,True,,107.79,95.12,-11.75,0.3562,10,,0,0,10,0,379
A05,delayed_propagation,core_mechanism,5,default,True,,107.79,95.12,-11.75,0.3151,5,,0,0,5,0,379
A05,delayed_propagation,core_mechanism,6,default,True,,107.79,95.12,-11.75,0.363,13,,0,0,13,0,379
A05,delayed_propagation,core_mechanism,7,default,True,,107.79,95.12,-11.75,0.3907,16,,0,0,16,0,379
A05,delayed_propagation,core_mechanism,8,default,True,,107.79,95.12,-11.75,0.304,1,,0,0,1,0,379
A05,delayed_propagation,core_mechanism,9,default,True,,107.79,95.12,-11.75,0.2964,0,,0,0,0,0,379
A06,low_credibility_rumor_failure,core_mechanism,0,default,True,,105.13,100.0,-4.88,0.0093,0,,0,0,0,0,251
A06,low_credibility_rumor_failure,core_mechanism,1,default,True,,105.13,100.0,-4.88,0.007,0,,0,0,0,0,251
A06,low_credibility_rumor_failure,core_mechanism,2,default,True,,105.13,100.0,-4.88,0.0071,0,,0,0,0,0,251
A06,low_credibility_rumor_failure,core_mechanism,3,default,True,,105.13,100.0,-4.88,0.0082,0,,0,0,0,0,251
A06,low_credibility_rumor_failure,core_mechanism,4,default,True,,105.13,100.0,-4.88,0.0138,0,,0,0,0,0,251
A06,low_credibility_rumor_failure,core_mechanism,5,default,True,,105.13,100.0,-4.88,0.0098,0,,0,0,0,0,251
A06,low_credibility_rumor_failure,core_mechanism,6,default,True,,105.13,100.0,-4.88,0.0098,0,,0,0,0,0,251
A06,low_credibility_rumor_failure,core_mechanism,7,default,True,,105.13,100.0,-4.88,0.0071,0,,0,0,0,0,251
A06,low_credibility_rumor_failure,core_mechanism,8,default,True,,105.13,100.0,-4.88,0.013,0,,0,0,0,0,251
A06,low_credibility_rumor_failure,core_mechanism,9,default,True,,105.13,100.0,-4.88,0.0067,0,,0,0,0,0,251
A07,narrative_fatigue,core_mechanism,0,default,True,,105.13,100.0,-4.88,0.3705,11,,0,0,11,0,315
A07,narrative_fatigue,core_mechanism,1,default,True,,105.13,100.0,-4.88,0.3467,10,,0,0,10,0,315
A07,narrative_fatigue,core_mechanism,2,default,True,,105.13,100.0,-4.88,0.3718,11,,0,0,11,0,315
A07,narrative_fatigue,core_mechanism,3,default,True,,105.13,100.0,-4.88,0.3479,10,,0,0,10,0,315
A07,narrative_fatigue,core_mechanism,4,default,True,,105.13,100.0,-4.88,0.4344,14,,0,0,14,0,315
A07,narrative_fatigue,core_mechanism,5,default,True,,105.13,100.0,-4.88,0.3811,11,,0,0,11,0,315
A07,narrative_fatigue,core_mechanism,6,default,True,,105.13,100.0,-4.88,0.4287,13,,0,0,13,0,315
A07,narrative_fatigue,core_mechanism,7,default,True,,105.13,100.0,-4.88,0.4622,16,,0,0,16,0,315
A07,narrative_fatigue,core_mechanism,8,default,True,,105.13,100.0,-4.88,0.3815,11,,0,0,11,0,315
A07,narrative_fatigue,core_mechanism,9,default,True,,105.13,100.0,-4.88,0.3812,11,,0,0,11,0,315
A08,contrarian_anchor,core_mechanism,0,default,True,,105.13,100.0,-4.88,0.217,0,,0,0,0,0,252
A08,contrarian_anchor,core_mechanism,1,default,True,,105.13,100.0,-4.88,0.1881,0,,0,0,0,0,252
A08,contrarian_anchor,core_mechanism,2,default,True,,105.13,100.0,-4.88,0.2036,0,,0,0,0,0,252
A08,contrarian_anchor,core_mechanism,3,default,True,,105.13,100.0,-4.88,0.205,0,,0,0,0,0,252
A08,contrarian_anchor,core_mechanism,4,default,True,,105.13,100.0,-4.88,0.2492,0,,0,0,0,0,252
A08,contrarian_anchor,core_mechanism,5,default,True,,105.13,100.0,-4.88,0.2238,0,,0,0,0,0,252
A08,contrarian_anchor,core_mechanism,6,default,True,,105.13,100.0,-4.88,0.2456,0,,0,0,0,0,252
A08,contrarian_anchor,core_mechanism,7,default,True,,105.13,100.0,-4.88,0.2602,0,,0,0,0,0,252
A08,contrarian_anchor,core_mechanism,8,default,True,,105.13,100.0,-4.88,0.2212,0,,0,0,0,0,252
A08,contrarian_anchor,core_mechanism,9,default,True,,105.13,100.0,-4.88,0.2304,0,,0,0,0,0,252
B01,high_trust_propagation,trust_mechanism,0,default,True,,107.79,100.0,-7.23,0.324,4,,0,0,4,0,252
B01,high_trust_propagation,trust_mechanism,1,default,True,,107.79,100.0,-7.23,0.2851,0,,0,0,0,0,252
B01,high_trust_propagation,trust_mechanism,2,default,True,,107.79,100.0,-7.23,0.3142,3,,0,0,3,0,252
B01,high_trust_propagation,trust_mechanism,3,default,True,,107.79,100.0,-7.23,0.3102,2,,0,0,2,0,252
B01,high_trust_propagation,trust_mechanism,4,default,True,,107.79,100.0,-7.23,0.378,13,,0,0,13,0,252
B01,high_trust_propagation,trust_mechanism,5,default,True,,107.79,100.0,-7.23,0.342,11,,0,0,11,0,252
B01,high_trust_propagation,trust_mechanism,6,default,True,,107.79,100.0,-7.23,0.3606,13,,0,0,13,0,252
B01,high_trust_propagation,trust_mechanism,7,default,True,,107.79,100.0,-7.23,0.3838,13,,0,0,13,0,252
B01,high_trust_propagation,trust_mechanism,8,default,True,,107.79,100.0,-7.23,0.3393,10,,0,0,10,0,252
B01,high_trust_propagation,trust_mechanism,9,default,True,,107.79,100.0,-7.23,0.3478,10,,0,0,10,0,252
B02,low_trust_failure,trust_mechanism,0,default,True,,107.79,95.12,-11.75,0.0322,0,,0,0,0,0,250
B02,low_trust_failure,trust_mechanism,1,default,True,,107.79,95.12,-11.75,0.0253,0,,0,0,0,0,250
B02,low_trust_failure,trust_mechanism,2,default,True,,107.79,95.12,-11.75,0.032,0,,0,0,0,0,250
B02,low_trust_failure,trust_mechanism,3,default,True,,107.79,95.12,-11.75,0.0358,0,,0,0,0,0,250
B02,low_trust_failure,trust_mechanism,4,default,True,,107.79,95.12,-11.75,0.0541,0,,0,0,0,0,250
B02,low_trust_failure,trust_mechanism,5,default,True,,107.79,95.12,-11.75,0.0421,0,,0,0,0,0,250
B02,low_trust_failure,trust_mechanism,6,default,True,,107.79,95.12,-11.75,0.0517,0,,0,0,0,0,250
B02,low_trust_failure,trust_mechanism,7,default,True,,107.79,95.12,-11.75,0.0585,0,,0,0,0,0,250
B02,low_trust_failure,trust_mechanism,8,default,True,,107.79,95.12,-11.75,0.0448,0,,0,0,0,0,250
B02,low_trust_failure,trust_mechanism,9,default,True,,107.79,95.12,-11.75,0.0245,0,,0,0,0,0,250
B03,trust_collapse_after_false_prediction,trust_mechanism,0,default,True,,107.79,103.37,-4.1,0.3875,19,,0,0,19,0,387
B03,trust_collapse_after_false_prediction,trust_mechanism,1,default,True,,107.79,96.97,-10.04,0.3542,14,,0,0,14,0,385
B03,trust_collapse_after_false_prediction,trust_mechanism,2,default,True,,107.79,95.03,-11.84,0.3903,18,,0,0,18,0,385
B03,trust_collapse_after_false_prediction,trust_mechanism,3,default,True,,107.79,101.88,-5.48,0.3773,17,,0,0,17,0,386
B03,trust_collapse_after_false_prediction,trust_mechanism,4,default,True,,107.79,99.65,-7.55,0.4396,28,,0,0,28,0,386
B03,trust_collapse_after_false_prediction,trust_mechanism,5,default,True,,107.79,97.48,-9.56,0.4055,23,,0,0,23,0,385
B03,trust_collapse_after_false_prediction,trust_mechanism,6,default,True,,107.79,97.13,-9.89,0.4437,28,,0,0,28,0,385
B03,trust_collapse_after_false_prediction,trust_mechanism,7,default,True,,107.79,96.81,-10.18,0.484,31,,0,0,31,0,387
B03,trust_collapse_after_false_prediction,trust_mechanism,8,default,True,,107.79,100.57,-6.7,0.3892,21,,0,0,21,0,386
B03,trust_collapse_after_false_prediction,trust_mechanism,9,default,True,,107.79,103.64,-3.85,0.4025,21,,0,0,21,0,386
B04,trust_recovery,trust_mechanism,0,default,True,,139.63,100.89,-27.75,0.8367,45,,0,0,45,0,502
B04,trust_recovery,trust_mechanism,1,default,True,,141.19,94.64,-32.97,0.7953,41,,0,0,41,0,500
B04,trust_recovery,trust_mechanism,2,default,True,,139.59,100.36,-28.11,0.8465,46,,0,0,46,0,503
B04,trust_recovery,trust_mechanism,3,default,True,,139.47,97.19,-30.32,0.8049,43,,0,0,43,0,501
B04,trust_recovery,trust_mechanism,4,default,True,,137.76,94.68,-31.27,0.9767,52,,0,0,52,0,511
B04,trust_recovery,trust_mechanism,5,default,True,,143.93,100.58,-30.12,0.8797,47,,0,0,47,0,505
B04,trust_recovery,trust_mechanism,6,default,True,,139.56,100.83,-27.75,0.9739,54,,0,0,54,0,511
B04,trust_recovery,trust_mechanism,7,default,True,,139.94,106.26,-24.07,1.0,56,,0,0,56,0,517
B04,trust_recovery,trust_mechanism,8,default,True,,140.48,93.89,-33.17,0.8552,46,,0,0,46,0,506
B04,trust_recovery,trust_mechanism,9,default,True,,141.82,96.44,-32.0,0.8557,46,,0,0,46,0,507
B05,trust_competition,trust_mechanism,0,default,True,,106.75,96.59,-9.52,0.2896,0,,0,0,0,0,291
B05,trust_competition,trust_mechanism,1,default,True,,107.16,99.41,-7.23,0.2614,0,,0,0,0,0,286
B05,trust_competition,trust_mechanism,2,default,True,,106.89,96.72,-9.52,0.298,0,,0,0,0,0,290
B05,trust_competition,trust_mechanism,3,default,True,,106.36,93.87,-11.75,0.2752,0,,0,0,0,0,290
B05,trust_competition,trust_mechanism,4,default,True,,106.24,101.06,-4.88,0.3289,3,,0,0,3,0,289
B05,trust_competition,trust_mechanism,5,default,True,,105.88,95.81,-9.52,0.3094,1,,0,0,1,0,284
B05,trust_competition,trust_mechanism,6,default,True,,105.88,95.81,-9.52,0.3263,2,,0,0,2,0,285
B05,trust_competition,trust_mechanism,7,default,True,,107.0,94.43,-11.75,0.3301,3,,0,0,3,0,287
B05,trust_competition,trust_mechanism,8,default,True,,106.06,95.96,-9.52,0.2939,0,,0,0,0,0,285
B05,trust_competition,trust_mechanism,9,default,True,,106.82,94.27,-11.75,0.302,1,,0,0,1,0,290
C01,self_validation_loop,reflexivity,0,default,True,,107.79,105.13,-2.47,0.3554,9,,0,0,9,0,315
C01,self_validation_loop,reflexivity,1,default,True,,107.79,105.13,-2.47,0.3199,4,,0,0,4,0,315
C01,self_validation_loop,reflexivity,2,default,True,,107.79,105.13,-2.47,0.3516,9,,0,0,9,0,315
C01,self_validation_loop,reflexivity,3,default,True,,107.79,105.13,-2.47,0.342,9,,0,0,9,0,315
C01,self_validation_loop,reflexivity,4,default,True,,107.79,105.13,-2.47,0.4056,19,,0,0,19,0,315
C01,self_validation_loop,reflexivity,5,default,True,,107.79,105.13,-2.47,0.3786,14,,0,0,14,0,315
C01,self_validation_loop,reflexivity,6,default,True,,107.79,105.13,-2.47,0.3964,17,,0,0,17,0,315
C01,self_validation_loop,reflexivity,7,default,True,,107.79,105.13,-2.47,0.4202,21,,0,0,21,0,315
C01,self_validation_loop,reflexivity,8,default,True,,107.79,105.13,-2.47,0.3732,12,,0,0,12,0,315
C01,self_validation_loop,reflexivity,9,default,True,,107.79,105.13,-2.47,0.3735,12,,0,0,12,0,315
C02,bubble_burst,reflexivity,0,default,True,,107.79,105.46,-2.16,0.5233,18,,0,0,18,0,386
C02,bubble_burst,reflexivity,1,default,True,,107.79,100.0,-7.23,0.5118,9,,0,0,9,0,386
C02,bubble_burst,reflexivity,2,default,True,,107.79,105.33,-2.28,0.5264,17,,0,0,17,0,386
C02,bubble_burst,reflexivity,3,default,True,,107.79,105.13,-2.47,0.5082,16,,0,0,16,0,386
C02,bubble_burst,reflexivity,4,default,True,,107.79,100.0,-7.23,0.5547,19,,0,0,19,0,385
C02,bubble_burst,reflexivity,5,default,True,,107.79,105.54,-2.09,0.5493,19,,0,0,19,0,386
C02,bubble_burst,reflexivity,6,default,True,,107.79,95.12,-11.75,0.502,19,,0,0,19,0,384
C02,bubble_burst,reflexivity,7,default,True,,107.79,105.13,-2.47,0.5374,25,,0,0,25,0,382
C02,bubble_burst,reflexivity,8,default,True,,107.79,105.13,-2.47,0.5245,18,,0,0,18,0,386
C02,bubble_burst,reflexivity,9,default,True,,107.79,105.13,-2.47,0.5494,18,,0,0,18,0,386
C03,price_narrative_divergence,reflexivity,0,default,True,,105.13,100.0,-4.88,0.2778,0,,0,0,0,0,315
C03,price_narrative_divergence,reflexivity,1,default,True,,105.13,100.0,-4.88,0.2447,0,,0,0,0,0,315
C03,price_narrative_divergence,reflexivity,2,default,True,,105.13,100.0,-4.88,0.2697,0,,0,0,0,0,315
C03,price_narrative_divergence,reflexivity,3,default,True,,105.13,100.0,-4.88,0.2661,0,,0,0,0,0,315
C03,price_narrative_divergence,reflexivity,4,default,True,,105.13,100.0,-4.88,0.3198,2,,0,0,2,0,315
C03,price_narrative_divergence,reflexivity,5,default,True,,105.13,100.0,-4.88,0.2927,0,,0,0,0,0,315
C03,price_narrative_divergence,reflexivity,6,default,True,,105.13,100.0,-4.88,0.309,1,,0,0,1,0,315
C03,price_narrative_divergence,reflexivity,7,default,True,,105.13,100.0,-4.88,0.3276,5,,0,0,5,0,315
C03,price_narrative_divergence,reflexivity,8,default,True,,105.13,100.0,-4.88,0.2902,0,,0,0,0,0,315
C03,price_narrative_divergence,reflexivity,9,default,True,,105.13,100.0,-4.88,0.2955,0,,0,0,0,0,315
C04,slow_bubble,reflexivity,0,default,True,,105.13,95.12,-9.52,0.2436,0,,0,0,0,0,474
C04,slow_bubble,reflexivity,1,default,True,,105.13,95.12,-9.52,0.1946,0,,0,0,0,0,474
C04,slow_bubble,reflexivity,2,default,True,,105.13,95.12,-9.52,0.2384,0,,0,0,0,0,474
C04,slow_bubble,reflexivity,3,default,True,,105.13,95.12,-9.52,0.2383,0,,0,0,0,0,474
C04,slow_bubble,reflexivity,4,default,True,,105.13,95.12,-9.52,0.3153,5,,0,0,5,0,474
C04,slow_bubble,reflexivity,5,default,True,,105.13,95.12,-9.52,0.2748,0,,0,0,0,0,474
C04,slow_bubble,reflexivity,6,default,True,,105.13,95.12,-9.52,0.3027,2,,0,0,2,0,474
C04,slow_bubble,reflexivity,7,default,True,,105.13,95.12,-9.52,0.3447,12,,0,0,12,0,474
C04,slow_bubble,reflexivity,8,default,True,,105.13,95.12,-9.52,0.258,0,,0,0,0,0,474
C04,slow_bubble,reflexivity,9,default,True,,105.13,95.12,-9.52,0.2488,0,,0,0,0,0,474
C05,flash_crash,reflexivity,0,default,True,,120.0,94.42,-21.32,0.096,0,,0,0,0,0,259
C05,flash_crash,reflexivity,1,default,True,,120.0,103.71,-13.58,0.0833,0,,0,0,0,0,261
C05,flash_crash,reflexivity,2,default,True,,120.0,103.28,-13.93,0.0913,0,,0,0,0,0,258
C05,flash_crash,reflexivity,3,default,True,,120.0,104.4,-13.0,0.0921,0,,0,0,0,0,258
C05,flash_crash,reflexivity,4,default,True,,120.0,100.9,-15.92,0.1084,0,,0,0,0,0,257
C05,flash_crash,reflexivity,5,default,True,,120.0,103.65,-13.63,0.0978,0,,0,0,0,0,261
C05,flash_crash,reflexivity,6,default,True,,120.0,100.26,-16.45,0.1074,0,,0,0,0,0,257
C05,flash_crash,reflexivity,7,default,True,,120.0,99.61,-16.99,0.1138,0,,0,0,0,0,257
C05,flash_crash,reflexivity,8,default,True,,120.0,103.94,-13.38,0.0969,0,,0,0,0,0,261
C05,flash_crash,reflexivity,9,default,True,,120.0,100.08,-16.6,0.1028,0,,0,0,0,0,257
C06,negative_reflexivity_spiral,reflexivity,0,default,True,,106.41,96.28,-9.52,0.2803,0,,0,0,0,0,324
C06,negative_reflexivity_spiral,reflexivity,1,default,True,,104.93,104.93,-0.0,0.2479,0,,0,0,0,0,322
C06,negative_reflexivity_spiral,reflexivity,2,default,True,,106.99,96.81,-9.52,0.2985,0,,0,0,0,0,320
C06,negative_reflexivity_spiral,reflexivity,3,default,True,,105.88,103.27,-2.47,0.2751,0,,0,0,0,0,321
C06,negative_reflexivity_spiral,reflexivity,4,default,True,,105.01,102.41,-2.47,0.2915,0,,0,0,0,0,320
C06,negative_reflexivity_spiral,reflexivity,5,default,True,,106.7,106.7,-0.0,0.3279,8,,0,0,8,0,324
C06,negative_reflexivity_spiral,reflexivity,6,default,True,,104.87,104.87,0.0,0.3254,10,,0,0,10,0,320
C06,negative_reflexivity_spiral,reflexivity,7,default,True,,105.44,105.44,-0.0,0.326,6,,0,0,6,0,322
C06,negative_reflexivity_spiral,reflexivity,8,default,True,,104.96,102.37,-2.47,0.302,1,,0,0,1,0,320
C06,negative_reflexivity_spiral,reflexivity,9,default,True,,106.46,103.83,-2.47,0.3185,7,,0,0,7,0,324
D01,kol_coordination,risk_identification,0,default,True,,107.79,95.12,-11.75,0.2918,0,,0,0,0,0,252
D01,kol_coordination,risk_identification,1,default,True,,107.79,95.12,-11.75,0.257,0,,0,0,0,0,252
D01,kol_coordination,risk_identification,2,default,True,,107.79,95.12,-11.75,0.2825,0,,0,0,0,0,252
D01,kol_coordination,risk_identification,3,default,True,,107.79,95.12,-11.75,0.2791,0,,0,0,0,0,252
D01,kol_coordination,risk_identification,4,default,True,,107.79,95.12,-11.75,0.3444,8,,0,0,8,0,252
D01,kol_coordination,risk_identification,5,default,True,,107.79,95.12,-11.75,0.3094,4,,0,0,4,0,252
D01,kol_coordination,risk_identification,6,default,True,,107.79,95.12,-11.75,0.3267,7,,0,0,7,0,252
D01,kol_coordination,risk_identification,7,default,True,,107.79,95.12,-11.75,0.3464,8,,0,0,8,0,252
D01,kol_coordination,risk_identification,8,default,True,,107.79,95.12,-11.75,0.3073,4,,0,0,4,0,252
D01,kol_coordination,risk_identification,9,default,True,,107.79,95.12,-11.75,0.3155,6,,0,0,6,0,252
D02,fomo_surge,risk_identification,0,default,True,,144.79,142.28,-1.73,0.6025,34,,0,0,34,0,297
D02,fomo_surge,risk_identification,1,default,True,,146.16,146.16,0.0,0.5485,24,,0,0,24,0,297
D02,fomo_surge,risk_identification,2,default,True,,144.87,143.05,-1.26,0.6182,31,,0,0,31,0,297
D02,fomo_surge,risk_identification,3,default,True,,144.13,143.87,-0.18,0.5886,28,,0,0,28,0,297
D02,fomo_surge,risk_identification,4,default,True,,148.09,142.49,-3.78,0.6866,40,,0,0,40,0,297
D02,fomo_surge,risk_identification,5,default,True,,150.81,150.81,0.0,0.6411,37,,0,0,37,0,297
D02,fomo_surge,risk_identification,6,default,True,,146.33,145.43,-0.62,0.696,41,,0,0,41,0,297
D02,fomo_surge,risk_identification,7,default,True,,144.56,142.73,-1.26,0.7489,43,,0,0,43,0,297
D02,fomo_surge,risk_identification,8,default,True,,144.21,144.21,0.0,0.6053,34,,0,0,34,0,297
D02,fomo_surge,risk_identification,9,default,True,,146.82,146.82,0.0,0.6113,34,,0,0,34,0,297
D03,price_narrative_self_validation,risk_identification,0,default,True,,146.86,146.75,-0.08,0.4062,16,,0,0,16,0,357
D03,price_narrative_self_validation,risk_identification,1,default,True,,149.66,146.46,-2.14,0.3607,13,,0,0,13,0,357
D03,price_narrative_self_validation,risk_identification,2,default,True,,148.7,145.48,-2.17,0.3925,16,,0,0,16,0,357
D03,price_narrative_self_validation,risk_identification,3,default,True,,148.57,148.57,0.0,0.3928,15,,0,0,15,0,357
D03,price_narrative_self_validation,risk_identification,4,default,True,,146.91,146.25,-0.45,0.4529,27,,0,0,27,0,357
D03,price_narrative_self_validation,risk_identification,5,default,True,,150.56,148.37,-1.46,0.4239,22,,0,0,22,0,357
D03,price_narrative_self_validation,risk_identification,6,default,True,,150.46,148.96,-0.99,0.451,30,,0,0,30,0,357
D03,price_narrative_self_validation,risk_identification,7,default,True,,148.32,147.53,-0.53,0.4659,37,,0,0,37,0,357
D03,price_narrative_self_validation,risk_identification,8,default,True,,149.07,148.19,-0.6,0.4152,18,,0,0,18,0,357
D03,price_narrative_self_validation,risk_identification,9,default,True,,151.5,146.81,-3.1,0.4194,20,,0,0,20,0,357
D04,abnormal_trust_building,risk_identification,0,default,True,,105.13,100.0,-4.88,0.3393,7,,0,0,7,0,253
D04,abnormal_trust_building,risk_identification,1,default,True,,105.13,100.0,-4.88,0.3064,1,,0,0,1,0,253
D04,abnormal_trust_building,risk_identification,2,default,True,,105.13,100.0,-4.88,0.3338,7,,0,0,7,0,253
D04,abnormal_trust_building,risk_identification,3,default,True,,105.13,100.0,-4.88,0.3223,6,,0,0,6,0,253
D04,abnormal_trust_building,risk_identification,4,default,True,,105.13,100.0,-4.88,0.3748,11,,0,0,11,0,253
D04,abnormal_trust_building,risk_identification,5,default,True,,105.13,100.0,-4.88,0.3493,8,,0,0,8,0,253
D04,abnormal_trust_building,risk_identification,6,default,True,,105.13,100.0,-4.88,0.3693,11,,0,0,11,0,253
D04,abnormal_trust_building,risk_identification,7,default,True,,105.13,100.0,-4.88,0.3886,12,,0,0,12,0,253
D04,abnormal_trust_building,risk_identification,8,default,True,,105.13,100.0,-4.88,0.3401,7,,0,0,7,0,253
D04,abnormal_trust_building,risk_identification,9,default,True,,105.13,100.0,-4.88,0.3472,7,,0,0,7,0,253
D05,neutral_news_false_positive,risk_identification,0,default,True,,106.75,101.54,-4.88,0.0113,0,,0,0,0,0,257
D05,neutral_news_false_positive,risk_identification,1,default,True,,104.51,104.51,-0.0,0.007,0,,0,0,0,0,251
D05,neutral_news_false_positive,risk_identification,2,default,True,,106.89,96.72,-9.52,0.0071,0,,0,0,0,0,255
D05,neutral_news_false_positive,risk_identification,3,default,True,,106.36,103.74,-2.47,0.0091,0,,0,0,0,0,257
D05,neutral_news_false_positive,risk_identification,4,default,True,,106.24,101.06,-4.88,0.0069,0,,0,0,0,0,254
D05,neutral_news_false_positive,risk_identification,5,default,True,,105.88,100.72,-4.88,0.0065,0,,0,0,0,0,250
D05,neutral_news_false_positive,risk_identification,6,default,True,,105.88,100.72,-4.88,0.0068,0,,0,0,0,0,251
D05,neutral_news_false_positive,risk_identification,7,default,True,,107.0,99.27,-7.23,0.0096,0,,0,0,0,0,253
D05,neutral_news_false_positive,risk_identification,8,default,True,,106.06,95.96,-9.52,0.0072,0,,0,0,0,0,250
D05,neutral_news_false_positive,risk_identification,9,default,True,,106.82,94.27,-11.75,0.0075,0,,0,0,0,0,255
D06,stealth_manipulation,risk_identification,0,default,True,,105.13,105.13,0.0,0.4898,31,,0,0,31,0,287
D06,stealth_manipulation,risk_identification,1,default,True,,105.13,105.13,0.0,0.4422,28,,0,0,28,0,287
D06,stealth_manipulation,risk_identification,2,default,True,,107.79,100.0,-7.23,0.9966,57,,0,0,57,0,316
D06,stealth_manipulation,risk_identification,3,default,True,,105.13,105.13,0.0,0.4696,31,,0,0,31,0,287
D06,stealth_manipulation,risk_identification,4,default,True,,124.68,104.08,-16.52,1.0,62,,0,0,62,0,334
D06,stealth_manipulation,risk_identification,5,default,True,,107.79,100.0,-7.23,1.0,58,,0,0,58,0,317
D06,stealth_manipulation,risk_identification,6,default,True,,115.71,97.13,-16.05,1.0,62,,0,0,62,0,325
D06,stealth_manipulation,risk_identification,7,default,True,,123.08,100.66,-18.21,1.0,63,,0,0,63,0,336
D06,stealth_manipulation,risk_identification,8,default,True,,107.79,100.0,-7.23,0.9997,57,,0,0,57,0,316
D06,stealth_manipulation,risk_identification,9,default,True,,105.13,105.13,0.0,0.4852,30,,0,0,30,0,287
E01,regulation_baseline,regulation,0,baseline,True,,147.69,142.31,-3.64,0.6892,45,,0,0,45,0,756
E01,regulation_baseline,regulation,1,baseline,True,,149.43,145.98,-2.31,0.6188,41,,0,0,41,0,756
E01,regulation_baseline,regulation,2,baseline,True,,149.43,143.53,-3.95,0.7218,46,,0,0,46,0,756
E01,regulation_baseline,regulation,3,baseline,True,,149.46,142.54,-4.63,0.6712,44,,0,0,44,0,756
E01,regulation_baseline,regulation,4,baseline,True,,149.0,142.31,-4.49,0.8229,45,,0,0,45,0,767
E01,regulation_baseline,regulation,5,baseline,True,,149.89,141.91,-5.32,0.7312,45,,0,0,45,0,762
E01,regulation_baseline,regulation,6,baseline,True,,149.33,144.69,-3.11,0.8426,45,,0,0,45,0,766
E01,regulation_baseline,regulation,7,baseline,True,,148.2,139.36,-5.97,0.9598,49,,0,0,49,0,767
E01,regulation_baseline,regulation,8,baseline,True,,152.25,141.49,-7.07,0.7104,46,,0,0,46,0,756
E01,regulation_baseline,regulation,9,baseline,True,,148.75,145.81,-1.98,0.7107,46,,0,0,46,0,756
E02,regulation_light,regulation,0,light,True,,107.79,107.01,-0.72,0.4859,36,,0,0,36,10,766
E02,regulation_light,regulation,1,light,True,,108.09,105.42,-2.47,0.4491,32,,0,0,32,10,766
E02,regulation_light,regulation,2,light,True,,108.05,105.38,-2.47,0.4857,37,,0,0,37,10,766
E02,regulation_light,regulation,3,light,True,,107.79,105.83,-1.82,0.471,35,,0,0,35,10,766
E02,regulation_light,regulation,4,light,True,,107.88,95.21,-11.75,0.6455,35,,0,0,35,15,776
E02,regulation_light,regulation,5,light,True,,107.8,97.54,-9.52,0.5047,33,,0,0,33,15,775
E02,regulation_light,regulation,6,light,True,,110.52,99.12,-10.31,0.5947,36,,0,0,36,15,776
E02,regulation_light,regulation,7,light,True,,107.79,103.92,-3.59,0.6928,41,,0,0,41,15,776
E02,regulation_light,regulation,8,light,True,,107.79,105.13,-2.47,0.4928,37,,0,0,37,10,766
E02,regulation_light,regulation,9,light,True,,107.79,105.13,-2.47,0.4939,37,,0,0,37,10,766
E03,regulation_strong,regulation,0,strong,True,,107.79,98.54,-8.58,0.4859,21,,0,0,21,20,776
E03,regulation_strong,regulation,1,strong,True,,108.03,102.76,-4.88,0.4491,16,,0,0,16,20,776
E03,regulation_strong,regulation,2,strong,True,,107.79,103.34,-4.13,0.4857,23,,0,0,23,20,776
E03,regulation_strong,regulation,3,strong,True,,107.79,101.14,-6.17,0.471,20,,0,0,20,20,776
E03,regulation_strong,regulation,4,strong,True,,107.79,102.02,-5.35,0.6455,29,,0,0,29,20,781
E03,regulation_strong,regulation,5,strong,True,,107.79,97.17,-9.85,0.5047,25,,0,0,25,20,780
E03,regulation_strong,regulation,6,strong,True,,110.52,100.43,-9.13,0.5822,33,,0,0,33,20,781
E03,regulation_strong,regulation,7,strong,True,,107.79,99.69,-7.51,0.6594,36,,0,0,36,20,781
E03,regulation_strong,regulation,8,strong,True,,107.79,100.56,-6.71,0.4928,23,,0,0,23,20,776
E03,regulation_strong,regulation,9,strong,True,,107.79,103.51,-3.96,0.4939,24,,0,0,24,20,776
E04,over_regulation_panic,regulation,0,default,True,,107.79,95.12,-11.75,0.1429,0,,0,0,0,0,376
E04,over_regulation_panic,regulation,1,default,True,,107.79,95.12,-11.75,0.1213,0,,0,0,0,0,376
E04,over_regulation_panic,regulation,2,default,True,,107.79,95.12,-11.75,0.1415,0,,0,0,0,0,376
E04,over_regulation_panic,regulation,3,default,True,,107.79,95.12,-11.75,0.1402,0,,0,0,0,0,376
E04,over_regulation_panic,regulation,4,default,True,,107.79,95.12,-11.75,0.1743,0,,0,0,0,0,376
E04,over_regulation_panic,regulation,5,default,True,,107.79,95.12,-11.75,0.157,0,,0,0,0,0,376
E04,over_regulation_panic,regulation,6,default,True,,107.79,95.12,-11.75,0.1929,0,,0,0,0,0,376
E04,over_regulation_panic,regulation,7,default,True,,107.79,95.12,-11.75,0.2303,0,,0,0,0,0,376
E04,over_regulation_panic,regulation,8,default,True,,107.79,95.12,-11.75,0.1499,0,,0,0,0,0,376
E04,over_regulation_panic,regulation,9,default,True,,107.79,95.12,-11.75,0.134,0,,0,0,0,0,376
E05,late_regulation_failure,regulation,0,default,True,,139.88,99.21,-29.08,0.5059,26,,0,0,26,10,463
E05,late_regulation_failure,regulation,1,default,True,,139.2,97.97,-29.62,0.484,32,,0,0,32,5,453
E05,late_regulation_failure,regulation,2,default,True,,144.86,104.86,-27.61,0.5752,28,,0,0,28,10,464
E05,late_regulation_failure,regulation,3,default,True,,142.04,107.89,-24.04,0.4721,37,,0,0,37,5,454
E05,late_regulation_failure,regulation,4,default,True,,144.23,96.48,-33.11,0.5964,34,,0,0,34,10,466
E05,late_regulation_failure,regulation,5,default,True,,140.53,95.56,-32.0,0.5034,27,,0,0,27,10,462
E05,late_regulation_failure,regulation,6,default,True,,143.16,99.5,-30.5,0.5918,35,,0,0,35,10,463
E05,late_regulation_failure,regulation,7,default,True,,141.71,105.38,-25.64,0.6858,38,,0,0,38,10,463
E05,late_regulation_failure,regulation,8,default,True,,144.31,104.27,-27.75,0.4928,38,,0,0,38,5,453
E05,late_regulation_failure,regulation,9,default,True,,142.86,95.83,-32.92,0.577,29,,0,0,29,10,464
